titulo;price;price_less;url_img;url
Pechuga de pollo fileteada 1,4 kg aprox;10,99 EUR;9,79 EUR;https://static.carrefour.es/hd_280x_/img_pim_food/961475_00_1.jpg;https://www.carrefour.es/supermercado/pechuga-de-pollo-fileteada-1-4-kg-aprox-carrefour/R-827513089/p?prtId=cat20002
Calabacín Carrefour a granel 1,2 kg aprox;2,39 EUR;2,03 EUR;https://static.carrefour.es/hd_280x_/img_pim_food/431967_00_1.jpg;https://www.carrefour.es/supermercado/calabacin-carrefour-a-granel-1-2-kg-aprox-carrefour/R-VC4AECOMM-431967/p?prtId=cat20002
Plátano Carrefour 1 kg aprox;2,39 EUR;2,03 EUR;https://static.carrefour.es/hd_280x_/img_pim_food/779025_00_1.jpg;https://www.carrefour.es/supermercado/platano-carrefour-1-kg-aprox-carrefour/R-VC4AECOMM-779025/p?prtId=cat20002
Dorada de ración Carrefour 600 g aprox;4,65 EUR;4,61 EUR;https://static.carrefour.es/hd_280x_/img_pim_food/033389_00_1.jpg;https://www.carrefour.es/supermercado/dorada-de-racion-carrefour-600-g-aprox-carrefour/R-628108203/p?prtId=cat20002
Mandarina malla 1,5 kg;3,59 EUR;2,48 EUR;https://static.carrefour.es/hd_280x_/img_pim_food/691281_00_1.jpg;https://www.carrefour.es/supermercado/mandarina-malla-1-5-kg/R-575401793/p?prtId=cat20002
Naranja de mesa Carrefour 1 Kg aprox;1,49 EUR;1,39 EUR;https://static.carrefour.es/hd_280x_/img_pim_food/494114_00_1.jpg;https://www.carrefour.es/supermercado/naranja-de-mesa-carrefour-1-kg-aprox-carrefour/R-VC4AECOMM-494114/p?prtId=cat20002
Chuletas de Pavo Marinadas al Ajillo Carrefour 450 g aprox;3,15 EUR;3,10 EUR;https://static.carrefour.es/hd_280x_/img_pim_food/268792_00_1.jpg;https://www.carrefour.es/supermercado/chuletas-de-pavo-marinadas-al-ajillo-carrefour-450-g-aprox-carrefour/R-prod780286/p?prtId=cat20002
Manzana granny smith Carrefour a granel 1 kg aprox;1,80 EUR;1,59 EUR;https://static.carrefour.es/hd_280x_/img_pim_food/094469_00_1.jpg;https://www.carrefour.es/supermercado/manzana-granny-smith-carrefour-a-granel-1-kg-aprox-carrefour/R-VC4AECOMM-094469/p?prtId=cat20002
Jamoncitos de pollo Carrefour 1,2 kg aprox;5,34 EUR;4,79 EUR;https://static.carrefour.es/hd_280x_/img_pim_food/962349_00_1.jpg;https://www.carrefour.es/supermercado/jamoncitos-de-pollo-carrefour-1-2-kg-aprox-carrefour/R-830700192/p?prtId=cat20002
Costilla de Cerdo Semicarnuda Carrefour 700 g aprox;4,41 EUR;4,19 EUR;https://static.carrefour.es/hd_280x_/img_pim_food/006822_00_1.jpg;https://www.carrefour.es/supermercado/costilla-de-cerdo-semicarnuda-carrefour-700-g-aprox-el-mercado/R-VC4AECOMM-006822/p?prtId=cat20002
Chuleta de aguja de cerdo Carrefour 1 kg aprox;5,90 EUR;5,79 EUR;https://static.carrefour.es/hd_280x_/img_pim_food/149007_00_1.jpg;https://www.carrefour.es/supermercado/chuleta-de-aguja-de-cerdo-carrefour-1-kg-aprox-carrefour/R-521032495/p?prtId=cat20002
Preparado de carne picada de vacuno Calidad y Origen Carrefour 400 g;3,99 EUR;3,59 EUR;https://static.carrefour.es/hd_280x_/img_pim_food/126715_00_1.jpg;https://www.carrefour.es/supermercado/preparado-de-carne-picada-de-vacuno-calidad-y-origen-carrefour-400-g-cyo/R-prod1070062/p?prtId=cat20002
Alcachofa Carrefour 1 kg aprox;2,95 EUR;2,75 EUR;https://static.carrefour.es/hd_280x_/img_pim_food/744605_00_1.jpg;https://www.carrefour.es/supermercado/alcachofa-carrefour-1-kg-aprox-carrefour/R-VC4AECOMM-744605/p?prtId=cat20002
Guacamole Carrefour 500 g;3,49 EUR;2,95 EUR;https://static.carrefour.es/hd_280x_/img_pim_food/208335_00_1.jpg;https://www.carrefour.es/supermercado/guacamole-carrefour-500-g-carrefour/R-prod1160594/p?prtId=cat20002
Patata para cocer Carrefour 3 Kg;5,49 EUR;4,47 EUR;https://static.carrefour.es/hd_280x_/img_pim_food/235443_00_1.jpg;https://www.carrefour.es/supermercado/patata-para-cocer-carrefour-3-kg-carrefour/R-608100969/p?prtId=cat20002
Calabaza ecológica a granel Carrefour Bio 1,5 kg aprox;2,98 EUR;2,53 EUR;https://static.carrefour.es/hd_280x_/img_pim_food/408153_00_1.jpg;https://www.carrefour.es/supermercado/calabaza-ecologica-a-granel-carrefour-bio-1-5-kg-aprox-carrefour-bio/R-fprod1470244/p?prtId=cat20002
Carne de añojo troceada para guisar Círculo de Calidad 600 g aprox;8,37 EUR;7,49 EUR;https://static.carrefour.es/hd_280x_/img_pim_food/126585_00_1.jpg;https://www.carrefour.es/supermercado/carne-de-anojo-troceada-para-guisar-circulo-de-calidad-600-g-aprox-cyo/R-prod1070042/p?prtId=cat20002
Pan Cristalino 100% Integral Realfooding 195 g;2,45 EUR;2,15 EUR;https://static.carrefour.es/hd_280x_/img_pim_food/493323_00_1.jpg;https://www.carrefour.es/supermercado/pan-cristalino-100-integral-realfooding-195-g/R-VC4AECOMM-493323/p?prtId=cat20002
Langostino cocido (30/40 ud) 500 g aprox;5,97 EUR;4,97 EUR;https://static.carrefour.es/hd_280x_/img_pim_food/391617_00_1.jpg;https://www.carrefour.es/supermercado/langostino-cocido-30-40-ud-500-g-aprox/R-530102403/p?prtId=cat20002
Carpaccio de vacuno ecológico Carrefour Bio 120 g;3,45 EUR;2,99 EUR;https://static.carrefour.es/hd_280x_/img_pim_food/477312_00_1.jpg;https://www.carrefour.es/supermercado/carpaccio-de-vacuno-ecologico-carrefour-bio-120-g-carrefour-bio/R-VC4AECOMM-477312/p?prtId=cat20002
Pera rocha Carrefour a granel 500 g aprox;1,04 EUR;0,94 EUR;https://static.carrefour.es/hd_280x_/img_pim_food/094463_00_1.jpg;https://www.carrefour.es/supermercado/pera-rocha-carrefour-a-granel-500-g-aprox-carrefour/R-VC4AECOMM-094463/p?prtId=cat20002
Lonchas veganas sabor queso Violife 200 g.;3,49 EUR;2,95 EUR;https://static.carrefour.es/hd_280x_/img_pim_food/253419_00_1.jpg;https://www.carrefour.es/supermercado/lonchas-veganas-sabor-queso-violife-200-g-violife/R-fprod1200167/p?prtId=cat20002
Chuleta de Aguja de Cerdo Carrefour 700 g aprox;4,13 EUR;4,05 EUR;https://static.carrefour.es/hd_280x_/img_pim_food/417284_00_1.jpg;https://www.carrefour.es/supermercado/chuleta-de-aguja-de-cerdo-carrefour-700-g-aprox-carrefour/R-prod160067/p?prtId=cat20002
Estofado de añojo Calidad y Origen Carrefour 500 g aprox;6,97 EUR;6,24 EUR;https://static.carrefour.es/hd_280x_/img_pim_food/842673_00_1.jpg;https://www.carrefour.es/supermercado/estofado-de-anojo-calidad-y-origen-carrefour-500-g-aprox-cyo/R-prod840073/p?prtId=cat20002
Alas de pollo partidas Carrefour 550 g aprox;2,60 EUR;2,34 EUR;https://static.carrefour.es/hd_280x_/img_pim_food/062836_00_1.jpg;https://www.carrefour.es/supermercado/alas-de-pollo-partidas-carrefour-550-g-aprox-carrefour/R-VC4AECOMM-062836/p?prtId=cat20002
Preparado de paella de marisco congelado 600 g;4,70 EUR;4,40 EUR;https://static.carrefour.es/hd_280x_/img_pim_food/847583_00_1.jpg;https://www.carrefour.es/supermercado/preparado-de-paella-de-marisco-congelado-600-g-carrefour/R-prod690175/p?prtId=cat20002
Lomo de Vacuno a la Piedra Carrefour El Mercado 500 g aprox;8,24 EUR;6,99 EUR;https://static.carrefour.es/hd_280x_/img_pim_food/133774_00_1.jpg;https://www.carrefour.es/supermercado/lomo-de-vacuno-a-la-piedra-carrefour-el-mercado-500-g-aprox-el-mercado/R-VC4AECOMM-133774/p?prtId=cat20002
Chuletón de Vacuno Carrefour El Mercado 600 g aprox;8,45 EUR;6,99 EUR;https://static.carrefour.es/hd_280x_/img_pim_food/133775_00_1.jpg;https://www.carrefour.es/supermercado/chuleton-de-vacuno-carrefour-el-mercado-600-g-aprox-el-mercado/R-VC4AECOMM-133775/p?prtId=cat20002
Barra grande extra Carrefour 1 ud;1,25 EUR;1,09 EUR;https://static.carrefour.es/hd_280x_/img_pim_food/240795_00_1.jpg;https://www.carrefour.es/supermercado/barra-grande-extra-carrefour-1-ud-carrefour/R-fprod1190377/p?prtId=cat20002
Chuleteado de cordero mixto especial para barbacoas 1,1 kg aprox;17,49 EUR;15,28 EUR;https://static.carrefour.es/hd_280x_/img_pim_food/544731_00_1.jpg;https://www.carrefour.es/supermercado/chuleteado-de-cordero-mixto-especial-para-barbacoas-1-1-kg-aprox-carrefour/R-754605421/p?prtId=cat20002
Filete de Vacuno Carrefour El Mercado 500 g aprox;7,47 EUR;5,74 EUR;https://static.carrefour.es/hd_280x_/img_pim_food/133782_00_1.jpg;https://www.carrefour.es/supermercado/filete-de-vacuno-carrefour-el-mercado-500-g-aprox-el-mercado/R-VC4AECOMM-133782/p?prtId=cat20002
Croquetas de Bogavante Carrefour El Mercado 300 g;3,49 EUR;2,95 EUR;https://static.carrefour.es/hd_280x_/img_pim_food/127316_00_1.jpg;https://www.carrefour.es/supermercado/croquetas-de-bogavante-carrefour-el-mercado-300-g-carrefour/R-VC4AECOMM-127316/p?prtId=cat20002
Jamón Serrano Curado Nico pieza de 7 kg aprox;58,00 EUR;42,00 EUR;https://static.carrefour.es/hd_280x_/img_pim_food/588289_00_1.jpg;https://www.carrefour.es/supermercado/jamon-serrano-curado-nico-pieza-de-7-kg-aprox/R-590213639/p?prtId=cat20002
Entrecot de Vacuno Carrefour El Mercado 500 g aprox;8,24 EUR;6,99 EUR;https://static.carrefour.es/hd_280x_/img_pim_food/133770_00_1.jpg;https://www.carrefour.es/supermercado/entrecot-de-vacuno-carrefour-el-mercado-500-g-aprox-el-mercado/R-VC4AECOMM-133770/p?prtId=cat20002
Maletín paleta de cebo ibérica 50% raza ibérica Jamones Nico 18 sobres de 80 g, 1,44 kg;69,00 EUR;59,00 EUR;https://static.carrefour.es/hd_280x_/img_pim_food/275723_00_1.jpg;https://www.carrefour.es/supermercado/maletin-paleta-de-cebo-iberica-50-raza-iberica-jamones-nico-18-sobres-de-80-g-1-44-kg/R-prod224484/p?prtId=cat20002
Paleta de cebo ibérica curada 50% raza ibérica serie oro El Pozo pieza 4,5 kg aprox;72,00 EUR;55,00 EUR;https://static.carrefour.es/hd_280x_/img_pim_food/579220_00_1.jpg;https://www.carrefour.es/supermercado/paleta-de-cebo-iberica-curada-50-raza-iberica-serie-oro-el-pozo-pieza-4-5-kg-aprox-el-pozo/R-603504394/p?prtId=cat20002
Paleta de cebo ibérica curada 50% raza ibérica semideshuesada Serie Oro ElPozo pieza 4,5 kg aprox;69,00 EUR;55,00 EUR;https://static.carrefour.es/hd_280x_/img_pim_food/629634_00_1.jpg;https://www.carrefour.es/supermercado/paleta-de-cebo-iberica-curada-50-raza-iberica-semideshuesada-serie-oro-elpozo-pieza-4-5-kg-aprox-el-pozo/R-522714887/p?prtId=cat20002
Jamón curado Selección Reserva El Pozo pieza de 7,5 kg aprox;69,00 EUR;59,00 EUR;https://static.carrefour.es/hd_280x_/img_pim_food/408050_00_1.jpg;https://www.carrefour.es/supermercado/jamon-curado-seleccion-reserva-el-pozo-pieza-de-7-5-kg-aprox-el-pozo/R-611901689/p?prtId=cat20002
Jamón Serrano Gran Reserva Carrefour El Mercado 7 kg aprox;72,00 EUR;55,00 EUR;https://static.carrefour.es/hd_280x_/img_pim_food/013746_00_1.jpg;https://www.carrefour.es/supermercado/jamon-serrano-gran-reserva-carrefour-el-mercado-7-kg-aprox-carrefour/R-VC4AECOMM-013746/p?prtId=cat20002
Aleta de Vacuno Añojo Calidad y Origen Carrefour 500 g aprox;6,64 EUR;6,24 EUR;https://static.carrefour.es/hd_280x_/img_pim_food/842672_00_1.jpg;https://www.carrefour.es/supermercado/aleta-de-vacuno-anojo-calidad-y-origen-carrefour-500-g-aprox-cyo/R-prod840077/p?prtId=cat20002
Huevas de Merluza Saladas Carrefour El Mercado 160 g;5,50 EUR;4,49 EUR;https://static.carrefour.es/hd_280x_/img_pim_food/847314_00_1.jpg;https://www.carrefour.es/supermercado/huevas-de-merluza-saladas-carrefour-el-mercado-160-g-carrefour/R-prod690108/p?prtId=cat20002
Maletín de Paleta de Cebo Ibérica 50% Raza Ibérica en lonchas Carrefour El Mercado 10 sobres de 70 g;39,00 EUR;35,00 EUR;https://static.carrefour.es/hd_280x_/img_pim_food/118243_00_1.jpg;https://www.carrefour.es/supermercado/maletin-de-paleta-de-cebo-iberica-50-raza-iberica-en-lonchas-carrefour-el-mercado-10-sobres-de-70-g-carrefour/R-VC4AECOMM-118243/p?prtId=cat20002
Huevas de mújol salado Carrefour El Mercado 100 g;9,99 EUR;7,99 EUR;https://static.carrefour.es/hd_280x_/img_pim_food/847335_00_1.jpg;https://www.carrefour.es/supermercado/huevas-de-mujol-salado-carrefour-el-mercado-100-g-carrefour/R-prod690102/p?prtId=cat20002
Leche semidesnatada Central Lechera Asturiana brik 1 l.;1,14 EUR;1,12 EUR;https://static.carrefour.es/hd_280x_/img_pim_food/020274_00_1.jpg;https://www.carrefour.es/supermercado/leche-semidesnatada-central-lechera-asturiana-brik-1-l-central-lechera-asturiana/R-521007075/p?prtId=cat20001
Leche entera Central Lechera Asturiana brik 1 l.;1,14 EUR;1,12 EUR;https://static.carrefour.es/hd_280x_/img_pim_food/002883_00_1.jpg;https://www.carrefour.es/supermercado/leche-entera-central-lechera-asturiana-brik-1-l-central-lechera-asturiana/R-521006994/p?prtId=cat20001
Leche desnatada Central Lechera Asturiana brik 1 l.;1,14 EUR;1,12 EUR;https://static.carrefour.es/hd_280x_/img_pim_food/020275_00_1.jpg;https://www.carrefour.es/supermercado/leche-desnatada-central-lechera-asturiana-brik-1-l-central-lechera-asturiana/R-521007089/p?prtId=cat20001
Leche semidesnatada Pascual sin lactosa brik 1 l.;1,52 EUR;1,28 EUR;https://static.carrefour.es/hd_280x_/img_pim_food/158606_00_1.jpg;https://www.carrefour.es/supermercado/leche-semidesnatada-pascual-sin-lactosa-brik-1-l-pascual/R-530362994/p?prtId=cat20001
Leche desnatada Pascual sin lactosa brik 1 l.;1,52 EUR;1,28 EUR;https://static.carrefour.es/hd_280x_/img_pim_food/158605_00_1.jpg;https://www.carrefour.es/supermercado/leche-desnatada-pascual-sin-lactosa-brik-1-l-pascual/R-530362992/p?prtId=cat20001
Aceite de oliva virgen extra Dcoop garrafa 5 l.;39,85 EUR;28,75 EUR;https://static.carrefour.es/hd_280x_/img_pim_food/850520_00_1.jpg;https://www.carrefour.es/supermercado/aceite-de-oliva-virgen-extra-dcoop-garrafa-5-l-dcoop/R-prod710117/p?prtId=cat20001
Aceite de girasol Koipe Sol 1 l.;3,75 EUR;2,49 EUR;https://static.carrefour.es/hd_280x_/img_pim_food/000020_00_1.jpg;https://www.carrefour.es/supermercado/aceite-de-girasol-koipe-sol-1-l-koipesol/R-531704973/p?prtId=cat20001
Leche desnatada Central Lechera Asturiana brik 1 l.;1,14 EUR;1,12 EUR;https://static.carrefour.es/hd_280x_/img_pim_food/960840_00_1.jpg;https://www.carrefour.es/supermercado/leche-desnatada-central-lechera-asturiana-brik-1-l-central-lechera-asturiana/R-826601290/p?prtId=cat20001
Aceite de oliva original 0,4º Carbonell 5 l.;41,95 EUR;26,95 EUR;https://static.carrefour.es/hd_280x_/img_pim_food/000015_00_1.jpg;https://www.carrefour.es/supermercado/aceite-de-oliva-original-0-4-carbonell-5-l-carbonell/R-522713382/p?prtId=cat20001
Tomate frito Helios sin gluten pack de 2 tarros de 570 g.;4,15 EUR;3,69 EUR;https://static.carrefour.es/hd_280x_/img_pim_food/460656_00_1.jpg;https://www.carrefour.es/supermercado/tomate-frito-helios-sin-gluten-pack-de-2-tarros-de-570-g-helios/R-prod420473/p?prtId=cat20001
Leche desnatada VitaCalcio Puleva brik 1 l.;1,59 EUR;1,29 EUR;https://static.carrefour.es/hd_280x_/img_pim_food/041329_00_1.jpg;https://www.carrefour.es/supermercado/leche-desnatada-vitacalcio-puleva-brik-1-l-puleva/R-521007014/p?prtId=cat20001
Leche entera Pascual sin lactosa brik 1 l.;1,52 EUR;1,28 EUR;https://static.carrefour.es/hd_280x_/img_pim_food/323816_00_1.jpg;https://www.carrefour.es/supermercado/leche-entera-pascual-sin-lactosa-brik-1-l-pascual/R-666301781/p?prtId=cat20001
Leche semidesnatada VitaCalcio Puleva brik 1 l.;1,59 EUR;1,29 EUR;https://static.carrefour.es/hd_280x_/img_pim_food/041324_00_1.jpg;https://www.carrefour.es/supermercado/leche-semidesnatada-vitacalcio-puleva-brik-1-l-puleva/R-521007012/p?prtId=cat20001
Aceite de oliva virgen extra Ybarra 1 l.;7,00 EUR;5,99 EUR;https://static.carrefour.es/hd_280x_/img_pim_food/344992_00_1.jpg;https://www.carrefour.es/supermercado/aceite-de-oliva-virgen-extra-ybarra-1-l-ybarra/R-520660339/p?prtId=cat20001
Aceite de oliva virgen extra Carbonell 1 l.;9,00 EUR;6,49 EUR;https://static.carrefour.es/hd_280x_/img_pim_food/300506_00_1.jpg;https://www.carrefour.es/supermercado/aceite-de-oliva-virgen-extra-carbonell-1-l-carbonell/R-584001513/p?prtId=cat20001
Aceite de oliva 0,4º La Masía 1 l.;6,50 EUR;5,29 EUR;https://static.carrefour.es/hd_280x_/img_pim_food/000005_00_1.jpg;https://www.carrefour.es/supermercado/aceite-de-oliva-0-4-la-masia-1-l-la-masia/R-520660263/p?prtId=cat20001
Garbanzos con verduras cocidas Carrefour 400 g.;1,17 EUR;0,89 EUR;https://static.carrefour.es/hd_280x_/img_pim_food/686245_00_1.jpg;https://www.carrefour.es/supermercado/garbanzos-con-verduras-cocidas-carrefour-400-g-carrefour/R-521005508/p?prtId=cat20001
Aceite de girasol Koipe Sol 5 l.;18,38 EUR;9,98 EUR;https://static.carrefour.es/hd_280x_/img_pim_food/218021_00_1.jpg;https://www.carrefour.es/supermercado/aceite-de-girasol-koipe-sol-5-l-koipesol/R-546003779/p?prtId=cat20001
Leche entera VitaCalcio Puleva brik 1 l.;1,59 EUR;1,29 EUR;https://static.carrefour.es/hd_280x_/img_pim_food/108000_00_1.jpg;https://www.carrefour.es/supermercado/leche-entera-vitacalcio-puleva-brik-1-l-puleva/R-521007010/p?prtId=cat20001
Nuez con cáscara Carrefour bolsa de 700 g;4,99 EUR;4,80 EUR;https://static.carrefour.es/hd_280x_/img_pim_food/193002_00_1.jpg;https://www.carrefour.es/supermercado/nuez-con-cascara-carrefour-bolsa-de-700-g-carrefour/R-prod1130708/p?prtId=cat20001
Leche semidesnatada VitaCalcio Puleva sin lactosa brik 1 l.;1,62 EUR;1,29 EUR;https://static.carrefour.es/hd_280x_/img_pim_food/822411_00_1.jpg;https://www.carrefour.es/supermercado/leche-semidesnatada-vitacalcio-puleva-sin-lactosa-brik-1-l-puleva/R-prod420051/p?prtId=cat20001
Aceite de oliva intenso 1º La Masía 1 l.;6,50 EUR;5,29 EUR;https://static.carrefour.es/hd_280x_/img_pim_food/000006_00_1.jpg;https://www.carrefour.es/supermercado/aceite-de-oliva-intenso-1-la-masia-1-l-la-masia/R-520660265/p?prtId=cat20001
Maquinilla Labs Gillette + Recambio 5 ud.;46,70 EUR;29,99 EUR;https://static.carrefour.es/hd_280x_/img_pim_food/080748_00_1.jpg;https://www.carrefour.es/supermercado/maquinilla-labs-gillette-recambio-5-ud-gillette-labs/R-VC4AECOMM-080748/p?prtId=cat20001
Coca Cola zero azúcar pack 24 latas 33 cl.;19,20 EUR;17,76 EUR;https://static.carrefour.es/hd_280x_/img_pim_food/692745_00_1.jpg;https://www.carrefour.es/supermercado/coca-cola-zero-azucar-pack-24-latas-33-cl-coca-cola-zero/R-521028147/p?prtId=cat20003
Coca Cola pack 24 latas 33 cl.;19,20 EUR;17,76 EUR;https://static.carrefour.es/hd_280x_/img_pim_food/026630_00_1.jpg;https://www.carrefour.es/supermercado/coca-cola-pack-24-latas-33-cl-coca-cola/R-521028127/p?prtId=cat20003
Cerveza Mahou Clásica pack de 28 latas de 33 cl.;17,95 EUR;14,85 EUR;https://static.carrefour.es/hd_280x_/img_pim_food/718559_00_1.jpg;https://www.carrefour.es/supermercado/cerveza-mahou-clasica-pack-de-28-latas-de-33-cl-mahou-clasica/R-520661321/p?prtId=cat20003
Coca Cola zero azúcar zero cafeína pack 24 latas 33 cl.;19,20 EUR;17,76 EUR;https://static.carrefour.es/hd_280x_/img_pim_food/303653_00_1.jpg;https://www.carrefour.es/supermercado/coca-cola-zero-azucar-zero-cafeina-pack-24-latas-33-cl-coca-cola-zero-s-caf/R-prod271532/p?prtId=cat20003
Coca Cola zero azúcar pack 2 botellas 1,25 l.;2,80 EUR;2,30 EUR;https://static.carrefour.es/hd_280x_/img_pim_food/510805_00_1.jpg;https://www.carrefour.es/supermercado/coca-cola-zero-azucar-pack-2-botellas-1-25-l-coca-cola-zero/R-VC4AECOMM-510805/p?prtId=cat20003
Coca Cola pack 2 botellas 1,25 L.;2,80 EUR;2,30 EUR;https://static.carrefour.es/hd_280x_/img_pim_food/510803_00_1.jpg;https://www.carrefour.es/supermercado/coca-cola-pack-2-botellas-1-25-l-coca-cola/R-VC4AECOMM-510803/p?prtId=cat20003
Cerveza Alhambra Reserva 1925 pack de 12 botellas de 33 cl.;15,54 EUR;13,49 EUR;https://static.carrefour.es/hd_280x_/img_pim_food/587130_00_1.jpg;https://www.carrefour.es/supermercado/cerveza-alhambra-reserva-1925-pack-de-12-botellas-de-33-cl-alhambra/R-521028210/p?prtId=cat20003
Aquarius sabor limón zero azúcar sin calorías lata 33 cl.;0,85 EUR;0,80 EUR;https://static.carrefour.es/hd_280x_/img_pim_food/196319_00_1.jpg;https://www.carrefour.es/supermercado/aquarius-sabor-limon-zero-azucar-sin-calorias-lata-33-cl-aquarius-zero/R-590206943/p?prtId=cat20003
Aquarius sabor naranja zero azúcar sin calorías lata 33 cl.;0,85 EUR;0,80 EUR;https://static.carrefour.es/hd_280x_/img_pim_food/194193_00_1.jpg;https://www.carrefour.es/supermercado/aquarius-sabor-naranja-zero-azucar-sin-calorias-lata-33-cl-aquarius-zero/R-546003725/p?prtId=cat20003
Vermut Martini rosso 1 l.;10,19 EUR;9,69 EUR;https://static.carrefour.es/hd_280x_/img_pim_food/000278_00_1.jpg;https://www.carrefour.es/supermercado/vermut-martini-rosso-1-l-martini/R-520663120/p?prtId=cat20003
Bebida espirituosa Veterano 1 l.;9,59 EUR;8,75 EUR;https://static.carrefour.es/hd_280x_/img_pim_food/256299_00_1.jpg;https://www.carrefour.es/supermercado/bebida-espirituosa-veterano-1-l-veterano-33/R-520662692/p?prtId=cat20003
Vermut Martini blanco 1 l.;10,19 EUR;9,69 EUR;https://static.carrefour.es/hd_280x_/img_pim_food/000279_00_1.jpg;https://www.carrefour.es/supermercado/vermut-martini-blanco-1-l-martini/R-520663122/p?prtId=cat20003
Anís del Mono edición especial 1 l.;11,09 EUR;9,99 EUR;https://static.carrefour.es/hd_280x_/img_pim_food/000389_00_1.jpg;https://www.carrefour.es/supermercado/anis-del-mono-edicion-especial-1-l-mono/R-520663031/p?prtId=cat20003
Tinto de verano con limón sin alcohol La Casera botella 1,5 l.;2,45 EUR;1,99 EUR;https://static.carrefour.es/hd_280x_/img_pim_food/783159_00_1.jpg;https://www.carrefour.es/supermercado/tinto-de-verano-con-limon-sin-alcohol-la-casera-botella-1-5-l-la-casera/R-774909699/p?prtId=cat20003
Cerveza El Águila sin filtrar lata 33 cl.;0,99 EUR;0,79 EUR;https://static.carrefour.es/hd_280x_/img_pim_food/242533_00_1.jpg;https://www.carrefour.es/supermercado/cerveza-el-aguila-sin-filtrar-lata-33-cl-el-aguila/R-fprod1190420/p?prtId=cat20003
Licor de orujo de hierbas Ruavieja 70 cl.;10,25 EUR;8,99 EUR;https://static.carrefour.es/hd_280x_/img_pim_food/000368_00_1.jpg;https://www.carrefour.es/supermercado/licor-de-orujo-de-hierbas-ruavieja-70-cl-ruavieja/R-520663041/p?prtId=cat20003
Vino tinto crianza Hacienda López de Haro D.O.Ca. Rioja 75 cl.;7,69 EUR;6,95 EUR;https://static.carrefour.es/hd_280x_/img_pim_food/154397_00_1.jpg;https://www.carrefour.es/supermercado/vino-tinto-crianza-hacienda-lopez-de-haro-d-o-ca-rioja-75-cl-hacienda-lopez-de-haro/R-864900565/p?prtId=cat20003
Distinto con vino de verdejo y limón La Casera botella 1,5 l.;2,45 EUR;1,99 EUR;https://static.carrefour.es/hd_280x_/img_pim_food/254598_00_1.jpg;https://www.carrefour.es/supermercado/distinto-con-vino-de-verdejo-y-limon-la-casera-botella-1-5-l-la-casera/R-fprod1200278/p?prtId=cat20003
Vermut rojo El Bandarra artesano 1 l.;10,95 EUR;8,99 EUR;https://static.carrefour.es/hd_280x_/img_pim_food/151445_00_1.jpg;https://www.carrefour.es/supermercado/vermut-rojo-el-bandarra-artesano-1-l-el-bandarra/R-prod372037/p?prtId=cat20003
Crema de orujo Ruavieja 70 cl.;14,05 EUR;11,50 EUR;https://static.carrefour.es/hd_280x_/img_pim_food/680723_00_1.jpg;https://www.carrefour.es/supermercado/crema-de-orujo-ruavieja-70-cl-ruavieja/R-521015515/p?prtId=cat20003
Ginebra Gordon's 1 l.;15,68 EUR;13,49 EUR;https://static.carrefour.es/hd_280x_/img_pim_food/043483_00_1.jpg;https://www.carrefour.es/supermercado/ginebra-gordon-s-1-l-gordons/R-521009386/p?prtId=cat20003
Vino rosado Peñascal lata 25 cl.;1,85 EUR;1,58 EUR;https://static.carrefour.es/hd_280x_/img_pim_food/059049_00_1.jpg;https://www.carrefour.es/supermercado/vino-rosado-penascal-lata-25-cl-penascal/R-VC4AECOMM-059049/p?prtId=cat20003
Tinto de verano clásico sin alcohol La Casera botella 1,5 l.;2,45 EUR;1,99 EUR;https://static.carrefour.es/hd_280x_/img_pim_food/783156_00_1.jpg;https://www.carrefour.es/supermercado/tinto-de-verano-clasico-sin-alcohol-la-casera-botella-1-5-l-la-casera/R-774909695/p?prtId=cat20003
Whisky William Lawson's escocés 70 cl.;10,69 EUR;9,69 EUR;https://static.carrefour.es/hd_280x_/img_pim_food/000313_00_1.jpg;https://www.carrefour.es/supermercado/whisky-william-lawson-s-escoces-70-cl-william-lawson-s/R-663901644/p?prtId=cat20003
Vermut St. Petroni rojo 1 l.;13,89 EUR;13,60 EUR;https://static.carrefour.es/hd_280x_/img_pim_food/773745_00_1.jpg;https://www.carrefour.es/supermercado/vermut-st-petroni-rojo-1-l-petroni/R-765207061/p?prtId=cat20003
Vino rosado joven tempranillo ecológico Coral de Peñascal  V.T. Castilla y León 75 cl.;5,95 EUR;5,05 EUR;https://static.carrefour.es/hd_280x_/img_pim_food/652852_00_1.jpg;https://www.carrefour.es/supermercado/vino-rosado-joven-tempranillo-ecologico-coral-de-penascal-v-t-castilla-y-leon-75-cl-coral-de-penascal/R-VC4AECOMM-652852/p?prtId=cat20003
Vino tinto crianza tempranillo Glorioso D.O.Ca. Rioja 75 cl.;7,39 EUR;6,65 EUR;https://static.carrefour.es/hd_280x_/img_pim_food/013281_00_1.jpg;https://www.carrefour.es/supermercado/vino-tinto-crianza-tempranillo-glorioso-d-o-ca-rioja-75-cl-glorioso/R-546003447/p?prtId=cat20003
Vino tinto tinta de toro Matsu el Recio D.O. Toro 75 cl.;15,99 EUR;14,45 EUR;https://static.carrefour.es/hd_280x_/img_pim_food/154723_00_1.jpg;https://www.carrefour.es/supermercado/vino-tinto-tinta-de-toro-matsu-el-recio-d-o-toro-75-cl-matsu-el-recio/R-864900617/p?prtId=cat20003
Whisky Ballantine´s 10 años American Barrel 70 cl.;21,80 EUR;18,99 EUR;https://static.carrefour.es/hd_280x_/img_pim_food/420733_00_1.jpg;https://www.carrefour.es/supermercado/whisky-ballantine-s-10-anos-american-barrel-70-cl-ballantine-s/R-VC4AECOMM-420733/p?prtId=cat20003
Vermouth blanco Petroni1 l.;13,89 EUR;13,60 EUR;https://static.carrefour.es/hd_280x_/img_pim_food/985858_00_1.jpg;https://www.carrefour.es/supermercado/vermouth-blanco-petroni1-l-petroni/R-prod211597/p?prtId=cat20003
Vino tinto Reserva Viña Cumbrero D.O.Ca Rioja pack de 6 botellas de 75 cl.;31,30 EUR;24,00 EUR;https://static.carrefour.es/hd_280x_/img_pim_food/832814_00_1.jpg;https://www.carrefour.es/supermercado/vino-tinto-reserva-vina-cumbrero-d-o-ca-rioja-pack-de-6-botellas-de-75-cl-vina-cumbrero/R-prod520042/p?prtId=cat20003
